{"cameraMode":{"drawMode":0,"name":"Shaded","section":"Shading Mode"},"sceneLighting":false,"audioPlay":false,"sceneViewState":{"showFog":true,"showMaterialUpdate":false,"showSkybox":false,"showFlares":true,"showImageEffects":true,"showParticleSystems":true},"in2DMode":false,"pivot":{"x":-0.5088762640953064,"y":2.822141170501709,"z":-3.782357692718506},"rotation":{"x":0.3682498335838318,"y":0.1013059914112091,"z":-0.040444515645504,"w":0.9233306646347046},"size":2.2863171100616457,"orthographic":false}