{"cameraMode":{"drawMode":0,"name":"Shaded","section":"Shading Mode"},"sceneLighting":false,"audioPlay":false,"sceneViewState":{"showFog":true,"showMaterialUpdate":false,"showSkybox":true,"showFlares":true,"showImageEffects":true,"showParticleSystems":true},"in2DMode":false,"pivot":{"x":4.3653106689453129,"y":6.8465423583984379,"z":0.5414118766784668},"rotation":{"x":0.5770837664604187,"y":0.07307238131761551,"z":-0.05198424309492111,"w":0.8117772936820984},"size":23.686067581176759,"orthographic":false}