{"cameraMode":{"drawMode":0,"name":"Shaded","section":"Shading Mode"},"sceneLighting":false,"audioPlay":false,"sceneViewState":{"showFog":true,"showMaterialUpdate":false,"showSkybox":true,"showFlares":true,"showImageEffects":true,"showParticleSystems":true},"in2DMode":false,"pivot":{"x":3.6363065242767336,"y":7.368585586547852,"z":1.9938287734985352},"rotation":{"x":0.5519144535064697,"y":0.027316423133015634,"z":-0.01813948154449463,"w":0.8332849740982056},"size":22.0,"orthographic":false}